,0
card1,248900.0405344963
c1,142997.09500956535
card2,93367.95293426514
addr1,75988.08125734329
c14,73060.68739271164
c13,65235.21843123436
r_emaildomain,47436.85779094696
d2,44799.01601552963
amt,44502.652005672455
c11,36285.00303030014
d15,35608.70734333992
d3,35570.50848555565
c2,29510.338977336884
c5,28569.824699878693
card1_tx_last_24h,28207.768030643463
d4,27544.60414505005
c6,27234.544727802277
d10,26445.98037958145
uid_prev_mean_amt,26372.222576141357
uid_prev_std_amt,21960.926304101944
p_emaildomain,20531.082709789276
d1,20147.683993816376
amt_cents,18920.844223976135
m5,16255.56078672409
secs_since_prev_tx,15733.49064040184
dist1,15535.930562019348
device_type,15293.60992383957
c9,14073.823183059692
log_amt,12006.08943605423
hour,11397.586498975754
amt_to_uid_mean,10748.93297290802
m6,9919.839357376099
uid_prev_tx,8391.271514892578
card3,6557.450923919678
m4,6107.52316236496
product_cd,6031.3734402656555
card5,5347.960377216339
uid_same_amt_prev,5265.434110164642
uid_tx_last_24h,5087.793328762054
email_mismatch,2407.6690707206726
card6,2179.2171354293823
uid_tx_last_1h,1097.9072303771973
has_identity,971.644202709198
addr2,204.92519521713257
card4,30.345099925994873
